{
 "N": 512,
 "additive_only_Delta_eff": {
  "8-32": 0.5379,
  "16-64": 0.4545,
  "32-128": 0.3937,
  "64-256": 0.3477
 },
 "scan": {
  "C_mu0.0": {
   "Delta_comp_by_window": {
    "8-32": -3.342,
    "16-64": -3.1681,
    "32-128": -2.9634,
    "64-256": -3.0966
   },
   "oldest_decile_mass": 0.9941,
   "middle_decile_mass": 0.0,
   "primacy_ratio": 56864.41,
   "doc_profile_20bins": [
    0.98177,
    0.01254,
    0.00349,
    0.00126,
    0.00052,
    0.00023,
    0.0001,
    5e-05,
    2e-05,
    1e-05,
    0.0,
    0.0,
    0.0,
    0.0,
    0.0,
    0.0,
    0.0,
    0.0,
    0.0,
    0.0
   ],
   "spearman_vs_liu20": [
    0.9,
    0.0374
   ]
  },
  "C_mu0.25": {
   "Delta_comp_by_window": {
    "8-32": -1.4592,
    "16-64": -1.3866,
    "32-128": -1.4228,
    "64-256": -1.7062
   },
   "oldest_decile_mass": 0.9514,
   "middle_decile_mass": 0.0008,
   "primacy_ratio": 1173.09,
   "doc_profile_20bins": [
    0.89813,
    0.05448,
    0.022,
    0.01087,
    0.00592,
    0.00341,
    0.00203,
    0.00124,
    0.00076,
    0.00047,
    0.00029,
    0.00018,
    0.0001,
    6e-05,
    3e-05,
    2e-05,
    1e-05,
    0.0,
    0.0,
    0.0
   ],
   "spearman_vs_liu20": [
    0.9,
    0.0374
   ]
  },
  "C_mu0.5": {
   "Delta_comp_by_window": {
    "8-32": -0.5227,
    "16-64": -0.5181,
    "32-128": -0.6108,
    "64-256": -0.8611
   },
   "oldest_decile_mass": 0.7761,
   "middle_decile_mass": 0.0117,
   "primacy_ratio": 66.53,
   "doc_profile_20bins": [
    0.65688,
    0.12258,
    0.06775,
    0.04314,
    0.02943,
    0.02092,
    0.01527,
    0.01134,
    0.00852,
    0.00645,
    0.0049,
    0.00371,
    0.00271,
    0.00205,
    0.00153,
    0.00112,
    0.00079,
    0.00052,
    0.0003,
    0.0001
   ],
   "spearman_vs_liu20": [
    0.9,
    0.0374
   ]
  },
  "C_mu0.75": {
   "Delta_comp_by_window": {
    "8-32": 0.0927,
    "16-64": 0.0416,
    "32-128": -0.0557,
    "64-256": -0.225
   },
   "oldest_decile_mass": 0.3816,
   "middle_decile_mass": 0.0586,
   "primacy_ratio": 6.51,
   "doc_profile_20bins": [
    0.26675,
    0.11869,
    0.08793,
    0.07061,
    0.05899,
    0.0505,
    0.04395,
    0.03872,
    0.03443,
    0.03085,
    0.02781,
    0.02521,
    0.02212,
    0.02032,
    0.01876,
    0.01743,
    0.01637,
    0.01567,
    0.01573,
    0.01915
   ],
   "spearman_vs_liu20": [
    1.0,
    0.0
   ]
  },
  "C_mu0.9": {
   "Delta_comp_by_window": {
    "8-32": 0.3673,
    "16-64": 0.2949,
    "32-128": 0.2151,
    "64-256": 0.1136
   },
   "oldest_decile_mass": 0.1159,
   "middle_decile_mass": 0.0658,
   "primacy_ratio": 1.76,
   "doc_profile_20bins": [
    0.0685,
    0.04922,
    0.0439,
    0.04069,
    0.03846,
    0.03683,
    0.03559,
    0.03467,
    0.03401,
    0.03359,
    0.03341,
    0.03348,
    0.03254,
    0.03323,
    0.0344,
    0.03631,
    0.03953,
    0.0455,
    0.05976,
    0.23639
   ],
   "spearman_vs_liu20": [
    0.2,
    0.7471
   ]
  },
  "uniform_mu0.0": {
   "Delta_comp_by_window": {
    "8-32": -6.4392,
    "16-64": -7.4477,
    "32-128": -8.2581,
    "64-256": -9.429
   },
   "oldest_decile_mass": 1.0,
   "middle_decile_mass": 0.0,
   "primacy_ratio": 999999999994.17,
   "doc_profile_20bins": [
    1.0,
    0.0,
    0.0,
    0.0,
    0.0,
    0.0,
    0.0,
    0.0,
    0.0,
    0.0,
    0.0,
    0.0,
    0.0,
    0.0,
    0.0,
    0.0,
    0.0,
    0.0,
    0.0,
    0.0
   ],
   "spearman_vs_liu20": [
    0.9,
    0.0374
   ]
  },
  "uniform_mu0.25": {
   "Delta_comp_by_window": {
    "8-32": -1.7113,
    "16-64": -2.1134,
    "32-128": -2.6728,
    "64-256": -3.6418
   },
   "oldest_decile_mass": 1.0,
   "middle_decile_mass": 0.0,
   "primacy_ratio": 7570334613.41,
   "doc_profile_20bins": [
    0.99999,
    1e-05,
    0.0,
    0.0,
    0.0,
    0.0,
    0.0,
    0.0,
    0.0,
    0.0,
    0.0,
    0.0,
    0.0,
    0.0,
    0.0,
    0.0,
    0.0,
    0.0,
    0.0,
    0.0
   ],
   "spearman_vs_liu20": [
    0.9,
    0.0374
   ]
  },
  "uniform_mu0.5": {
   "Delta_comp_by_window": {
    "8-32": -0.6751,
    "16-64": -0.9103,
    "32-128": -1.2547,
    "64-256": -1.8644
   },
   "oldest_decile_mass": 0.9987,
   "middle_decile_mass": 0.0,
   "primacy_ratio": 156018.68,
   "doc_profile_20bins": [
    0.99549,
    0.00325,
    0.00077,
    0.00027,
    0.00011,
    5e-05,
    3e-05,
    1e-05,
    1e-05,
    0.0,
    0.0,
    0.0,
    0.0,
    0.0,
    0.0,
    0.0,
    0.0,
    0.0,
    0.0,
    0.0
   ],
   "spearman_vs_liu20": [
    0.9,
    0.0374
   ]
  },
  "uniform_mu0.75": {
   "Delta_comp_by_window": {
    "8-32": -0.1037,
    "16-64": -0.2351,
    "32-128": -0.4252,
    "64-256": -0.7581
   },
   "oldest_decile_mass": 0.8792,
   "middle_decile_mass": 0.0054,
   "primacy_ratio": 162.19,
   "doc_profile_20bins": [
    0.79577,
    0.08556,
    0.0407,
    0.02373,
    0.01526,
    0.01041,
    0.00738,
    0.00537,
    0.00398,
    0.003,
    0.00227,
    0.00174,
    0.00128,
    0.00099,
    0.00076,
    0.00058,
    0.00044,
    0.00033,
    0.00024,
    0.00019
   ],
   "spearman_vs_liu20": [
    0.9,
    0.0374
   ]
  },
  "uniform_mu0.9": {
   "Delta_comp_by_window": {
    "8-32": 0.1614,
    "16-64": 0.0869,
    "32-128": -0.0127,
    "64-256": -0.1787
   },
   "oldest_decile_mass": 0.3913,
   "middle_decile_mass": 0.0543,
   "primacy_ratio": 7.21,
   "doc_profile_20bins": [
    0.27924,
    0.11572,
    0.08263,
    0.06515,
    0.05393,
    0.04599,
    0.04003,
    0.03537,
    0.03161,
    0.02852,
    0.02594,
    0.02376,
    0.0211,
    0.01964,
    0.01843,
    0.01745,
    0.01676,
    0.01651,
    0.01732,
    0.0449
   ],
   "spearman_vs_liu20": [
    0.9,
    0.0374
   ]
  }
 },
 "P4_registered": {
  "primary_window_values": [
   -2.9634,
   -3.0966
  ],
  "primary_pass": false,
  "mu_values_32-128": [
   -2.9634,
   -1.4228,
   -0.6108,
   -0.0557
  ],
  "mu_spread": 2.9077,
  "mu_robust": false,
  "references": {
   "accuracy_fitted": 0.1711,
   "april_additive_dx20": 0.1655
  }
 }
}