{
  "narrative": {
    "seq_len": 56,
    "global_alpha": 0.5172782234703733,
    "global_r2": 0.9795717254779132,
    "first_token_attn": 0.5148050785064697,
    "layer_alphas": [
      0.6293743183902601,
      0.652206735997808,
      1.2384450191671765,
      0.8086212299484283,
      0.6711198031537698,
      0.3963665162795126,
      0.48470165820203726,
      0.3730546063216696,
      0.3956016778413854,
      0.23098027848655403,
      0.1202771223414565,
      0.14043767939414883
    ],
    "head_alphas_mean": 0.5938170241784199,
    "head_alphas_std": 0.775484405769575,
    "head_alphas_min": -0.1873421589874252,
    "head_alphas_max": 5.12330668093112,
    "profile_first_10": [
      0.10720366551117463,
      0.06590812115205659,
      0.049971891848265,
      0.04040529745487639,
      0.036385753338097356,
      0.032532415576279165,
      0.030163120544914688,
      0.028337845879529294,
      0.026597275071717958,
      0.02568251739822976
    ]
  },
  "logical": {
    "seq_len": 60,
    "global_alpha": 0.559675735414304,
    "global_r2": 0.9265009605789751,
    "first_token_attn": 0.4859525263309479,
    "layer_alphas": [
      0.6197200525492726,
      0.6615536204062027,
      1.2823956710789213,
      0.9783289291252752,
      0.714221539836828,
      0.4506718793343165,
      0.5089485780854928,
      0.3595300508161237,
      0.3850538829833428,
      0.22085169573591693,
      0.22895952774029074,
      0.3120637247016398
    ],
    "head_alphas_mean": 0.643927256841741,
    "head_alphas_std": 0.7310061694892614,
    "head_alphas_min": -0.21248800548955576,
    "head_alphas_max": 4.040505082785316,
    "profile_first_10": [
      0.11104908863366661,
      0.07137121268194811,
      0.051029798149931846,
      0.041523087570177655,
      0.03873855137181553,
      0.029868916022004904,
      0.027154074006555777,
      0.02535548177547753,
      0.024918636252336642,
      0.025791834304109217
    ]
  },
  "self_referential": {
    "seq_len": 53,
    "global_alpha": 0.5020384771085729,
    "global_r2": 0.9556714421917673,
    "first_token_attn": 0.48690858483314514,
    "layer_alphas": [
      0.6022757787415093,
      0.660727091059988,
      1.2697568364637508,
      0.888001959569975,
      0.6376531648783149,
      0.35581563315796266,
      0.4437183815401472,
      0.32513034377277483,
      0.33091652946468075,
      0.19336242985397403,
      0.1633964594219631,
      0.18427148466595272
    ],
    "head_alphas_mean": 0.6067568973101611,
    "head_alphas_std": 0.7943602064083951,
    "head_alphas_min": -0.2052236511092527,
    "head_alphas_max": 5.6201167447066105,
    "profile_first_10": [
      0.111711667635693,
      0.07182716421198611,
      0.05383436087518931,
      0.044210748670964826,
      0.03747726940006638,
      0.033414030923171245,
      0.03092673801533554,
      0.029704921785742043,
      0.027357996991750868,
      0.02793077147717393
    ]
  }
}