{
  "gpt2_sink_analysis": {
    "alpha_with_sink": 0.6596430894466981,
    "r2_with_sink": 0.9931369178833699,
    "alpha_no_sink": 0.9734922751363277,
    "r2_no_sink": 0.9959751318072704,
    "layer_alphas_no_sink": [
      0.6267793515041936,
      0.6971709656138086,
      1.5547223829058499,
      1.7322456404212252,
      1.3505484354922994,
      1.1374083729454014,
      1.113298578772961,
      1.1806071756634444,
      0.856637739828475,
      0.7094713152840625,
      0.5316079640830268,
      0.39835797556329483
    ],
    "profile_with_10": [
      0.10002572076129061,
      0.06063318297446492,
      0.04389337016405856,
      0.03484763068227488,
      0.030188284709583967,
      0.02592580496698995,
      0.023738040630586255,
      0.02221511655136362,
      0.020457506829284523,
      0.01943441101970772
    ],
    "profile_no_10": [
      0.09044925442122552,
      0.05188239829205885,
      0.035913361650374204,
      0.027244348370004445,
      0.022699476691269423,
      0.01819901096706207,
      0.01586314481259747,
      0.014831502407201026,
      0.01240259077399969,
      0.011737342914440544
    ]
  },
  "random_baseline": {
    "random": {
      "alpha": 0.2934204944135398,
      "r2": 0.7858073700977591,
      "profile_10": [
        0.05612502431511761,
        0.05178826543382339,
        0.048436893134942795,
        0.04200020957117279,
        0.03360570229242666,
        0.04089377543503611,
        0.04107074854536015,
        0.03348387045220339,
        0.03252033872360533,
        0.03352321206626517
      ]
    },
    "recency_structured": {
      "alpha": 0.5028766851324059,
      "r2": 0.9597157466717589,
      "profile_10": [
        0.07244635840493535,
        0.06617554475463205,
        0.05873466605228967,
        0.048797275661490856,
        0.04543158902897168,
        0.03992691620028224,
        0.03946369625791384,
        0.04164982809951263,
        0.03479952470992099,
        0.032674083313732234
      ]
    }
  }
}