{
 "P1": {
  "D=0.25": {
   "rho_deff_primacy": 0.9981,
   "P1a_pass": true,
   "n_collapse_points": 28,
   "median_abs_delta": 0.0124,
   "p90_abs_delta": 0.0423,
   "max_abs_delta": 0.0631,
   "P1b_pass": true,
   "primacy_vs_deff_mu0": [
    [
     1.0,
     0.0528
    ],
    [
     2.0,
     0.1608
    ],
    [
     3.0,
     0.3099
    ],
    [
     4.0,
     0.4733
    ],
    [
     6.0,
     0.7514
    ],
    [
     8.0,
     0.9086
    ],
    [
     12.0,
     0.9933
    ],
    [
     16.0,
     0.9997
    ],
    [
     24.0,
     1.0
    ],
    [
     32.0,
     1.0
    ],
    [
     40.0,
     1.0
    ]
   ]
  },
  "D=0.49": {
   "rho_deff_primacy": 0.9983,
   "P1a_pass": true,
   "n_collapse_points": 28,
   "median_abs_delta": 0.0049,
   "p90_abs_delta": 0.0127,
   "max_abs_delta": 0.0223,
   "P1b_pass": true,
   "primacy_vs_deff_mu0": [
    [
     1.0,
     0.0164
    ],
    [
     2.0,
     0.043
    ],
    [
     3.0,
     0.0803
    ],
    [
     4.0,
     0.1277
    ],
    [
     6.0,
     0.2477
    ],
    [
     8.0,
     0.3877
    ],
    [
     12.0,
     0.658
    ],
    [
     16.0,
     0.8457
    ],
    [
     24.0,
     0.982
    ],
    [
     32.0,
     0.9989
    ],
    [
     40.0,
     1.0
    ]
   ]
  }
 },
 "P2": {
  "D=0.49": {
   "thresholded": true,
   "L=8": {
    "N": [
     128,
     256,
     512,
     1024
    ],
    "start_window_mass": [
     0.42633,
     0.26158,
     0.15239,
     0.08582
    ],
    "rho_N_window": -1.0,
    "oldest_decile_mass": [
     0.50476,
     0.44395,
     0.38771,
     0.33743
    ],
    "rho_N_decile": -1.0,
    "pass_window_decreasing": true
   },
   "L=20": {
    "N": [
     128,
     256,
     512,
     1024
    ],
    "start_window_mass": [
     0.97369,
     0.90551,
     0.7829,
     0.62633
    ],
    "rho_N_window": -1.0,
    "oldest_decile_mass": [
     0.98479,
     0.96878,
     0.94256,
     0.90587
    ],
    "rho_N_decile": -1.0,
    "pass_window_decreasing": true
   }
  },
  "D=0.25": {
   "thresholded": false,
   "L=8": {
    "N": [
     128,
     256,
     512,
     1024
    ],
    "start_window_mass": [
     0.86649,
     0.75297,
     0.6236,
     0.49514
    ],
    "rho_N_window": -1.0,
    "oldest_decile_mass": [
     0.91521,
     0.91289,
     0.90856,
     0.90291
    ],
    "rho_N_decile": -1.0,
    "pass_window_decreasing": true
   },
   "L=20": {
    "N": [
     128,
     256,
     512,
     1024
    ],
    "start_window_mass": [
     0.99998,
     0.99985,
     0.99919,
     0.99702
    ],
    "rho_N_window": -1.0,
    "oldest_decile_mass": [
     1.0,
     1.0,
     0.99999,
     0.99999
    ],
    "rho_N_decile": -1.0,
    "pass_window_decreasing": true
   }
  }
 }
}