{
 "N": 512,
 "P3": {
  "C_mu0.0": {
   "prim_decile_by_k": [
    0.04143,
    0.06932,
    0.07002,
    0.15271,
    0.23549,
    0.35039,
    0.38517,
    0.40731,
    0.50062,
    0.56056,
    0.58573,
    0.61125,
    0.62051,
    0.67687,
    0.702,
    0.76575,
    0.79392,
    0.80812,
    0.82113,
    0.8438,
    0.85585,
    0.87276,
    0.88655,
    0.907,
    0.91919,
    0.92885,
    0.94514,
    0.95561,
    0.96311,
    0.96629,
    0.97226,
    0.97746,
    0.98005,
    0.98516,
    0.98629,
    0.98787,
    0.99131,
    0.99218,
    0.99334,
    0.99408
   ],
   "rho_N_prim_decile": 1.0,
   "P3a_pass": true,
   "doc_rho_by_k": [
    -0.9,
    -0.8,
    -0.6,
    0.7,
    0.9,
    0.9,
    0.9,
    0.9,
    0.9,
    0.9,
    0.9,
    0.9,
    0.9,
    0.9,
    0.9,
    0.9,
    0.9,
    0.9,
    0.9,
    0.9,
    0.9,
    0.9,
    0.9,
    0.9,
    0.9,
    0.9,
    0.9,
    0.9,
    0.9,
    0.9,
    0.9,
    0.9,
    0.9,
    0.9,
    0.9,
    0.9,
    0.9,
    0.9,
    0.9,
    0.9
   ],
   "first_k_rho_gt_0.5": 4,
   "prim_decile_at_k40": 0.99408
  },
  "C_mu0.5": {
   "prim_decile_by_k": [
    0.02072,
    0.03221,
    0.03249,
    0.06361,
    0.0946,
    0.13835,
    0.15219,
    0.16149,
    0.20396,
    0.23181,
    0.24456,
    0.25725,
    0.26253,
    0.29485,
    0.31062,
    0.35578,
    0.37834,
    0.39107,
    0.40349,
    0.4258,
    0.43822,
    0.45788,
    0.47472,
    0.50445,
    0.52493,
    0.54323,
    0.57676,
    0.60181,
    0.62155,
    0.63135,
    0.65177,
    0.67191,
    0.68266,
    0.70849,
    0.71487,
    0.72494,
    0.74976,
    0.75725,
    0.76817,
    0.77609
   ],
   "rho_N_prim_decile": 1.0,
   "P3a_pass": true,
   "doc_rho_by_k": [
    -0.9,
    -0.9,
    -0.9,
    -0.2,
    0.2,
    0.4,
    0.4,
    0.4,
    0.7,
    0.7,
    0.7,
    0.9,
    0.9,
    0.9,
    1.0,
    1.0,
    0.9,
    0.9,
    0.9,
    0.9,
    0.9,
    0.9,
    0.9,
    0.9,
    0.9,
    0.9,
    0.9,
    0.9,
    0.9,
    0.9,
    0.9,
    0.9,
    0.9,
    0.9,
    0.9,
    0.9,
    0.9,
    0.9,
    0.9,
    0.9
   ],
   "first_k_rho_gt_0.5": 9,
   "prim_decile_at_k40": 0.77609
  },
  "uniform_mu0.0": {
   "prim_decile_by_k": [
    0.05707,
    0.16812,
    0.32332,
    0.48683,
    0.6365,
    0.76668,
    0.84967,
    0.91169,
    0.95408,
    0.97215,
    0.98427,
    0.99139,
    0.99549,
    0.99767,
    0.99879,
    0.99945,
    0.99973,
    0.99986,
    0.99993,
    0.99996,
    0.99998,
    0.99999,
    0.99999,
    1.0,
    1.0,
    1.0,
    1.0,
    1.0,
    1.0,
    1.0,
    1.0,
    1.0,
    1.0,
    1.0,
    1.0,
    1.0,
    1.0,
    1.0,
    1.0,
    1.0
   ],
   "rho_N_prim_decile": 1.0,
   "P3a_pass": true,
   "doc_rho_by_k": [
    -0.9,
    0.9,
    0.9,
    0.9,
    0.9,
    0.9,
    0.9,
    0.9,
    0.9,
    0.9,
    0.9,
    0.9,
    0.9,
    0.9,
    0.9,
    0.9,
    0.9,
    0.9,
    0.9,
    0.9,
    0.9,
    0.9,
    0.9,
    0.9,
    0.9,
    0.9,
    0.9,
    0.9,
    0.9,
    0.9,
    0.9,
    0.9,
    0.9,
    0.9,
    0.9,
    0.9,
    0.9,
    0.9,
    0.9,
    0.9
   ],
   "first_k_rho_gt_0.5": 2,
   "prim_decile_at_k40": 1.0
  },
  "uniform_mu0.5": {
   "prim_decile_by_k": [
    0.02853,
    0.07062,
    0.12771,
    0.19132,
    0.26169,
    0.33982,
    0.41016,
    0.48503,
    0.56087,
    0.61182,
    0.66347,
    0.71177,
    0.75469,
    0.79145,
    0.82295,
    0.85407,
    0.8771,
    0.89531,
    0.91228,
    0.92656,
    0.9362,
    0.94522,
    0.95411,
    0.96236,
    0.96917,
    0.97539,
    0.98037,
    0.98404,
    0.98659,
    0.98926,
    0.99133,
    0.99291,
    0.99429,
    0.99533,
    0.9962,
    0.99688,
    0.9975,
    0.99798,
    0.99833,
    0.99869
   ],
   "rho_N_prim_decile": 1.0,
   "P3a_pass": true,
   "doc_rho_by_k": [
    -0.9,
    -0.1,
    0.4,
    0.4,
    0.7,
    0.9,
    1.0,
    1.0,
    0.9,
    0.9,
    0.9,
    0.9,
    0.9,
    0.9,
    0.9,
    0.9,
    0.9,
    0.9,
    0.9,
    0.9,
    0.9,
    0.9,
    0.9,
    0.9,
    0.9,
    0.9,
    0.9,
    0.9,
    0.9,
    0.9,
    0.9,
    0.9,
    0.9,
    0.9,
    0.9,
    0.9,
    0.9,
    0.9,
    0.9,
    0.9
   ],
   "first_k_rho_gt_0.5": 5,
   "prim_decile_at_k40": 0.99869
  }
 },
 "P3c_effective_depth_echo": {
  "mu0.5_k40_deff20": 0.77609,
  "mu0_k20_deff20": 0.8438,
  "abs_delta": 0.06771,
  "within_P1b_band_0.06": false
 }
}