{
 "n_sampled": 100000,
 "mean": 668.9897,
 "median": 21.0,
 "p90": 405.0,
 "p99": 14468.249999999869,
 "max": 100000,
 "frac_gt_512": 0.08772,
 "frac_gt_128": 0.1857,
 "frac_gt_64": 0.26971,
 "frac_capped": 0.00105,
 "grammar_params": {
  "P_S2": 0.35,
  "P_VP3": 0.45
 }
}